The;http://www.judge.com/
Chameleon;http://www.chameleoncg.com/
Accenture;http://www.accenture.com/
ABB;http://www.abb.com/
Leidos;http://www.leidos.com/
The;https://theswiftgroup.com/
iboss;http://www.iboss.com/
Groundswell;http://www.groundswell.biz/
Aireon;https://aireon.com/
QTS;https://www.qtsdatacenters.com/
a.i.;http://www.ai-solutions.com/
SAIC;http://www.saic.com/
Garud;http://www.garudtechnology.com/
Software;http://www.softwareag.com/
The;http://www.consortiuminc.com/
Tri-Dim;http://www.tridim.com/
Hilton;http://jobs.hilton.com/
Thermo;https://www.thermofisher.com/
Xylem;http://www.xylem.com/
GPac;http://www.gogpac.com/
Indivior;http://www.indivior.com/
Virginia;http://www.vapassengerrailauthority.org/
AMF;http://www.amfbakery.com/
PRESS;http://www.pressglass.com/
Dynex;http://www.dynextechnologies.com/
Sikorsky;https://www.lockheedmartin.com/
Gromelski;http://www.e-gai.com/
SJS;http://www.sjsindustrial.net/
Tax;http://www.taxnotes.com/
Chenega;http://www.chenega.com/
Chameleon;http://www.chameleoncg.com/
Accenture;http://www.accenture.com/
The;https://theswiftgroup.com/
iboss;http://www.iboss.com/
Groundswell;http://www.groundswell.biz/
Aireon;https://aireon.com/
QTS;https://www.qtsdatacenters.com/
a.i.;http://www.ai-solutions.com/
Garud;http://www.garudtechnology.com/
SAIC;http://www.saic.com/
The;http://www.consortiuminc.com/
Hilton;http://jobs.hilton.com/
Tri-Dim;http://www.tridim.com/
Thermo;https://www.thermofisher.com/
Software;http://www.softwareag.com/
GPac;http://www.gogpac.com/
Xylem;http://www.xylem.com/
Indivior;http://www.indivior.com/
Virginia;http://www.vapassengerrailauthority.org/
AMF;http://www.amfbakery.com/
Dynex;http://www.dynextechnologies.com/
Gromelski;http://www.e-gai.com/
Sikorsky;https://www.lockheedmartin.com/
SJS;http://www.sjsindustrial.net/
Tax;http://www.taxnotes.com/
Chenega;http://www.chenega.com/
Kleinfelder,;http://www.kleinfelder.com/
Azure;https://www.azuresummit.com/
The;http://www.whiting-turner.com/
