Heraeus;http://www.heraeus.com/
Leidos;http://www.leidos.com/
Medisolv,;http://www.medisolv.com/
Verra;http://www.verra.org/
University;http://www.umd.edu/
The;http://www.judge.com/
Washington;http://www.wmata.com/
Accenture;http://www.accenture.com/
Chameleon;http://www.chameleoncg.com/
4S;http://www.grupo4s.es/
RELX;http://www.relx.com/
The;https://theswiftgroup.com/
QTS;https://www.qtsdatacenters.com/
Xometry;http://www.xometry.com/
Aireon;https://aireon.com/
Extreme;http://www.extremedatatech.com/
SAIC;http://www.saic.com/
Leidos;http://www.leidos.com/
Hilton;http://jobs.hilton.com/
Xylem;http://www.xylem.com/
FIDELIS;http://www.fidelissecurity.com/
Xometry;http://www.xometry.com/
Elsevier;http://www.elsevier.com/
The;http://www.consortiuminc.com/
Acuity;http://www.myacuity.com/
SAIC;http://www.saic.com/
Peraton;http://www.peraton.com/
Leidos;http://www.leidos.com/
