Mariner;http://www.marinerfinance.com/
FastTek;http://www.fasttek.com/
FEI;http://www.feisystems.com/
Medisolv,;http://www.medisolv.com/
Vision;http://www.visionsolution.net/
Centeva;http://www.centeva.com/
Versant;https://versanthealth.com/
Sekon;http://www.sekon.com/
Leidos;http://www.leidos.com/
University;http://www.umd.edu/
Robotic;http://www.roboticresearch.com/
LOCKHEED;https://www.lockheedmartin.com/
TAA;http://www.taasolutions.net/
Entegee;http://www.entegee.com/
Peraton;http://www.peraton.com/
Edgewater;http://www.edgewaterit.com/
Centeva;http://www.centeva.com/
NetCraftsmen;http://www.netcraftsmen.com/
Xylem;http://www.xylem.com/
Spalding;http://www.scipax.com/
Evurge;http://www.evurgesolutions.com/
PPT;http://pptsinc.com/
Peraton;http://www.peraton.com/
CACI;http://www.caci.com/
Ardent;http://www.ardenteaglesolutions.com/
FIDELIS;http://www.fidelissecurity.com/
cFocus;http://www.cfocussoftware.com/
Leidos;http://www.leidos.com/
Leidos;http://www.leidos.com/
University;http://www.umd.edu/
LOCKHEED;https://www.lockheedmartin.com/
TAA;http://www.taasolutions.net/
PPT;http://pptsinc.com/
Entegee;http://www.entegee.com/
Robotic;http://www.roboticresearch.com/
Peraton;http://www.peraton.com/
Xylem;http://www.xylem.com/
Peraton;http://www.peraton.com/
CACI;http://www.caci.com/
Ardent;http://www.ardenteaglesolutions.com/
Spalding;http://www.scipax.com/
NetCraftsmen;http://www.netcraftsmen.com/
Centeva;http://www.centeva.com/
cFocus;http://www.cfocussoftware.com/
Edgewater;http://www.edgewaterit.com/
Evurge;http://www.evurgesolutions.com/
Leidos;http://www.leidos.com/
FIDELIS;http://www.fidelissecurity.com/
Iubelt;http://www.iubelttechnologies.com/
SAIC;http://www.saic.com/
Praxis;http://www.praxiseng.com/
Xometry;http://www.xometry.com/
TAA;http://www.taasolutions.net/
CrossFire;http://www.xfiregroup.com/
ManTech;http://www.mantech.com/
BlueHalo;https://bluehalo.com/
