ManTech;http://www.mantech.com/
Sedulous;https://www.sedulous.com/
The;http://www.judge.com/
Dhara;http://www.avy.tech/
Chameleon;http://www.chameleoncg.com/
QTS;https://www.qtsdatacenters.com/
Allied;https://www.asap.us.com/
The;https://theswiftgroup.com/
Groundswell;http://www.groundswell.biz/
Accenture;http://www.accenture.com/
iboss;http://www.iboss.com/
BAE;https://jobs.baesystems.com/
Aireon;https://aireon.com/
Garud;http://www.garudtechnology.com/
Urban;http://www.nul.org/
Peraton;http://www.peraton.com/
SAIC;http://www.saic.com/
LOCKHEED;https://www.lockheedmartin.com/
The;http://www.consortiuminc.com/
Peraton;http://www.peraton.com/
ABB;http://www.abb.com/
Entegee;http://www.entegee.com/
Software;http://www.softwareag.com/
SAIC;http://www.saic.com/
SAIC;http://www.saic.com/
a.i.;http://www.ai-solutions.com/
Gromelski;http://www.e-gai.com/
Xylem;http://www.xylem.com/
Sev1Tech;http://www.sev1tech.com/
GPac;http://www.gogpac.com/
ManTech;http://www.mantech.com/
Groundswell;http://www.groundswell.biz/
Accenture;http://www.accenture.com/
iboss;http://www.iboss.com/
Garud;http://www.garudtechnology.com/
Aireon;https://aireon.com/
