Total Systems Solutions Consulting;https://www.totalsystems.ca/
American Recruiting & Consulting Group;https://www.arcgonline.com/
Akkio;http://akkio.com/
Pear VC;http://www.pear.vc/
Capital One;https://www.capitalonecareers.com/
Mayo Clinic;https://jobs.mayoclinic.org/
MW Industries;https://www.mw-ind.com/
Spiceworks;http://www.spiceworks.com/
Kanini Software Solutions;https://kanini.com/
The New York Times;https://www.nytimes.com/
Total Systems Solutions Consulting;https://www.totalsystems.ca/
Mori Associates;https://www.moriassociates.com/
Grant Street Group;http://grantstreet.com/careers
All Information Services, Inc. (AIS);http://aislabs.com/
Storm Search;http://stormrecruit.com/
Anaconda;https://www.anaconda.com/
Spurs Sports and Entertainment;https://www.nba.com/spurs
Site Impact;http://www.siteimpact.com/
Total Systems Solutions Consulting;https://www.totalsystems.ca/
ServiceNow;https://careers.servicenow.com/
The Cigna Group;http://www.cigna.com/
Evercommerce;https://www.evercommerce.com/
AEGON;https://careers.aegon.com/nl/home/netherlands
ServiceNow;https://careers.servicenow.com/
Cognito Forms;http://www.cognitoforms.com/
Ascella Technologies;https://www.ascellatech.com/
Beach House Group;http://www.beachhousegrp.com/
Harmonia Holdings Group, LLC.;http://www.harmonia.com/
Center for Biological Diversity;https://www.biologicaldiversity.org/
Capital One;https://www.capitalonecareers.com/
IntellecTechs, Inc;http://www.intellectechs.com/
Helen of Troy;http://careers.helenoftroy.com/
HELM;https://www.helmag.com/
Spatial Front;http://www.spatialfront.com/
Harris Computer;http://www.harriscomputer.com/en/
Uptime.com;https://uptime.com/
Community Brands;https://www.communitybrands.com/
Double Up Digital;http://www.doubleup.digital/
Tessitura Network;https://www.tessituranetwork.com/
Capital One;https://www.capitalonecareers.com/
WCG Clinical;https://www.wcgclinical.com/
Humana;https://careers.humana.com/
BrainTrust;http://www.usebraintrust.com/
CUNA Mutual;https://www.cunamutual.com/
Collins Aerospace;https://www.collinsaerospace.com/
quore;http://www.quore.com/
Jack Henry & Associates;http://www.jackhenry.com/
Radian Group Inc.;http://www.radian.com/
Cox Automotive;https://jobs.coxenterprises.com/
Grant Street Group;http://grantstreet.com/careers
Capital One;https://www.capitalonecareers.com/
Capital One;https://www.capitalonecareers.com/
Zoll Medical Corporation;https://www.zoll.com/
Ascension;http://www.jobs.ascension.org/careers-home
Asure Software;http://www.asuresoftware.com/
SPANX;http://spanx.com/
ServiceNow;https://careers.servicenow.com/
PrismHR;https://www.prismhr.com/
BrainTrust;http://www.usebraintrust.com/
SitusAMC;https://www.situsamc.com/
Asure Software;http://www.asuresoftware.com/
Motorola Solutions;https://www.motorolasolutions.com/en_us/about/careers.html
Oak Street Health;http://oakstreethealth.com/
ECRI;https://www.ecri.org/
Oak Street Health;http://oakstreethealth.com/
MedScan Laboratory;http://medscanlab.com/
The University of Iowa;https://uiowa.edu/
BrainTrust;http://www.usebraintrust.com/
Leading EDJE;http://www.leadingedje.com/
Fyusion;https://www.fyusion.com/
WeRoad;https://www.weroad.it/
Mercurygate International;https://www.mercurygate.com/
Iowa State University;http://www.iastate.edu/
Florida Virtual School;https://www.flvs.net/
Wedgewood, Inc.;https://www.wedgewood-inc.com/
Foster Made;http://www.fostermade.co/
Inetz;http://inetz.com/
Ricardo Defense;https://www.control-pt.com/
ZOOM+Care;http://www.zoomcare.com/careers#open-positions
Net at Work;https://www.netatwork.com/
Recall Masters;https://recallmasters.com/
ServiceNow;https://careers.servicenow.com/
Capital One;https://www.capitalonecareers.com/
Dakota Software Corporation;http://www.dakotasoft.com/
Gullview Technologies;https://www.gullviewtech.com/
BlueVoyant;https://www.bluevoyant.com/
Leading EDJE;http://www.leadingedje.com/
Infoorigin Inc;https://infoorigin.com/
quore;http://www.quore.com/
Iteris, Inc;https://www.iteris.com/
MCFADYEN DIGITAL;https://mcfadyen.com/
Myndshft Technologies, Inc.;https://www.myndshft.com/
BlueVoyant;https://www.bluevoyant.com/
Artemis Consulting Inc;https://www.artemisconsultinginc.com/
