Capital One;https://www.capitalonecareers.com/
Cognito Forms;http://www.cognitoforms.com/
Total Systems Solutions Consulting;https://www.totalsystems.ca/
The New York Times;https://www.nytimes.com/
MedScan Laboratory;http://medscanlab.com/
Kanini Software Solutions;https://kanini.com/
Florida Virtual School;https://www.flvs.net/
Center for Biological Diversity;https://www.biologicaldiversity.org/
American Recruiting & Consulting Group;https://www.arcgonline.com/
quore;http://www.quore.com/
Total Systems Solutions Consulting;https://www.totalsystems.ca/
Double Up Digital;http://www.doubleup.digital/
Fyusion;https://www.fyusion.com/
Akkio;http://akkio.com/
Ricardo Defense;https://www.control-pt.com/
Mori Associates;https://www.moriassociates.com/
Mercurygate International;https://www.mercurygate.com/
Grant Street Group;http://grantstreet.com/careers
Asure Software;http://www.asuresoftware.com/
quore;http://www.quore.com/
AEGON;https://careers.aegon.com/nl/home/netherlands
Zoll Medical Corporation;https://www.zoll.com/
BlueVoyant;https://www.bluevoyant.com/
WeRoad;https://www.weroad.it/
PrismHR;https://www.prismhr.com/
BlueVoyant;https://www.bluevoyant.com/
Wedgewood, Inc.;https://www.wedgewood-inc.com/
SitusAMC;https://www.situsamc.com/
Humana;https://careers.humana.com/
Grant Street Group;http://grantstreet.com/careers
Mayo Clinic;https://jobs.mayoclinic.org/
Spurs Sports and Entertainment;https://www.nba.com/spurs
Capital One;https://www.capitalonecareers.com/
Capital One;https://www.capitalonecareers.com/
Site Impact;http://www.siteimpact.com/
CUNA Mutual;https://www.cunamutual.com/
Helen of Troy;http://careers.helenoftroy.com/
PollyEx;https://www.pollyex.com/
Humana;https://careers.humana.com/
Humana;https://careers.humana.com/
Radian Group Inc.;http://www.radian.com/
Gullview Technologies;https://www.gullviewtech.com/
WCG Clinical;https://www.wcgclinical.com/
Artemis Consulting Inc;https://www.artemisconsultinginc.com/
BrainTrust;http://www.usebraintrust.com/
